<?xml version="1.0" encoding="UTF-8"?>
<!DOCTYPE generatorConfiguration
 PUBLIC "-//mybatis.org//DTD MyBatis Generator Configuration 1.0//EN"
 "http://mybatis.org/dtd/mybatis-generator-config_1_0.dtd">

<generatorConfiguration>
 
 <classPathEntry location="/Users/kobayashiryou/Desktop/mydev/lib/mysql-connector-java-5.1.37/mysql-connector-java-5.1.37-bin.jar"/>
 <context id="HSQLDBTable" targetRuntime="MyBatis3">
 
   <jdbcConnection driverClass="com.mysql.jdbc.Driver"
       connectionURL="jdbc:mysql://localhost/myapp"
       userId="root"
       password="">
   </jdbcConnection>

   <javaTypeResolver >
     <property name="forceBigDecimals" value="false" />
   </javaTypeResolver>

   <javaModelGenerator targetPackage="com.example.mapper" targetProject="hajiboot-security">
     <property name="enableSubPackages" value="true" />
     <property name="trimStrings" value="true" />
   </javaModelGenerator>

   <sqlMapGenerator targetPackage="com.example.mapper"  targetProject="hajiboot-security">
     <property name="enableSubPackages" value="true" />
   </sqlMapGenerator>

   <javaClientGenerator type="XMLMAPPER" targetPackage="com.example.mapper"  targetProject="hajiboot-security">
     <property name="enableSubPackages" value="true" />
   </javaClientGenerator>

   <table tableName="users"/>
   <table tableName="customers"/>
 </context>
</generatorConfiguration>

<!-- 
<?xml version="1.0" encoding="UTF-8" ?>
<!DOCTYPE generatorConfiguration 
  PUBLIC "-//mybatis.org//DTD MyBatis Generator Configuration 1.0//EN" 
  "http://mybatis.org/dtd/mybatis-generator-config_1_0.dtd" >
<generatorConfiguration>
  <classPathEntry location="/PATH_TO/mysql-connector-java-5.1.19.jar"/>
  <context id="context1">
    <commentGenerator>
      <property name="suppressDate" value="true" />
    </commentGenerator>
    <jdbcConnection driverClass="com.mysql.jdbc.Driver"
      connectionURL="jdbc:mysql://127.0.0.1/mbgtutorial" userId="root"
      password="" />
    <javaModelGenerator targetPackage="net.harawata.domain"
      targetProject="mbg-tutorial" />
    <sqlMapGenerator targetPackage="net.harawata.mapper"
      targetProject="mbg-tutorial/src/main/resources" />
    <javaClientGenerator targetPackage="net.harawata.mapper"
      targetProject="mbg-tutorial" type="XMLMAPPER" />
    <table tableName="person" alias="a_person"/>
    <table tableName="pet" />
  </context>
</generatorConfiguration> -->