<?xml version="1.0" encoding="UTF-8" ?>
<!DOCTYPE mapper PUBLIC "-//mybatis.org//DTD Mapper 3.0//EN" "http://mybatis.org/dtd/mybatis-3-mapper.dtd" >
<mapper namespace="com.example.mapper.AccountMapper" >
  <resultMap id="BaseResultMap" type="com.example.mapper.Account" >
    <!--
      WARNING - @mbggenerated
      This element is automatically generated by MyBatis Generator, do not modify.
      This element was generated on Thu Nov 12 06:24:28 JST 2015.
    -->
    <id column="email" property="email" jdbcType="VARCHAR" />
    <result column="password" property="password" jdbcType="VARCHAR" />
    <result column="name" property="name" jdbcType="VARCHAR" />
    <result column="birth_day" property="birthDay" jdbcType="DATE" />
    <result column="zip" property="zip" jdbcType="VARCHAR" />
    <result column="address" property="address" jdbcType="VARCHAR" />
  </resultMap>
  <sql id="Example_Where_Clause" >
    <!--
      WARNING - @mbggenerated
      This element is automatically generated by MyBatis Generator, do not modify.
      This element was generated on Thu Nov 12 06:24:28 JST 2015.
    -->
    <where >
      <foreach collection="oredCriteria" item="criteria" separator="or" >
        <if test="criteria.valid" >
          <trim prefix="(" suffix=")" prefixOverrides="and" >
            <foreach collection="criteria.criteria" item="criterion" >
              <choose >
                <when test="criterion.noValue" >
                  and ${criterion.condition}
                </when>
                <when test="criterion.singleValue" >
                  and ${criterion.condition} #{criterion.value}
                </when>
                <when test="criterion.betweenValue" >
                  and ${criterion.condition} #{criterion.value} and #{criterion.secondValue}
                </when>
                <when test="criterion.listValue" >
                  and ${criterion.condition}
                  <foreach collection="criterion.value" item="listItem" open="(" close=")" separator="," >
                    #{listItem}
                  </foreach>
                </when>
              </choose>
            </foreach>
          </trim>
        </if>
      </foreach>
    </where>
  </sql>
  <sql id="Update_By_Example_Where_Clause" >
    <!--
      WARNING - @mbggenerated
      This element is automatically generated by MyBatis Generator, do not modify.
      This element was generated on Thu Nov 12 06:24:28 JST 2015.
    -->
    <where >
      <foreach collection="example.oredCriteria" item="criteria" separator="or" >
        <if test="criteria.valid" >
          <trim prefix="(" suffix=")" prefixOverrides="and" >
            <foreach collection="criteria.criteria" item="criterion" >
              <choose >
                <when test="criterion.noValue" >
                  and ${criterion.condition}
                </when>
                <when test="criterion.singleValue" >
                  and ${criterion.condition} #{criterion.value}
                </when>
                <when test="criterion.betweenValue" >
                  and ${criterion.condition} #{criterion.value} and #{criterion.secondValue}
                </when>
                <when test="criterion.listValue" >
                  and ${criterion.condition}
                  <foreach collection="criterion.value" item="listItem" open="(" close=")" separator="," >
                    #{listItem}
                  </foreach>
                </when>
              </choose>
            </foreach>
          </trim>
        </if>
      </foreach>
    </where>
  </sql>
  <sql id="Base_Column_List" >
    <!--
      WARNING - @mbggenerated
      This element is automatically generated by MyBatis Generator, do not modify.
      This element was generated on Thu Nov 12 06:24:28 JST 2015.
    -->
    email, password, name, birth_day, zip, address
  </sql>
  <select id="selectByExample" resultMap="BaseResultMap" parameterType="com.example.mapper.AccountExample" >
    <!--
      WARNING - @mbggenerated
      This element is automatically generated by MyBatis Generator, do not modify.
      This element was generated on Thu Nov 12 06:24:28 JST 2015.
    -->
    select
    <if test="distinct" >
      distinct
    </if>
    <include refid="Base_Column_List" />
    from account
    <if test="_parameter != null" >
      <include refid="Example_Where_Clause" />
    </if>
    <if test="orderByClause != null" >
      order by ${orderByClause}
    </if>
  </select>
  <select id="selectByPrimaryKey" resultMap="BaseResultMap" parameterType="java.lang.String" >
    <!--
      WARNING - @mbggenerated
      This element is automatically generated by MyBatis Generator, do not modify.
      This element was generated on Thu Nov 12 06:24:28 JST 2015.
    -->
    select 
    <include refid="Base_Column_List" />
    from account
    where email = #{email,jdbcType=VARCHAR}
  </select>
  <delete id="deleteByPrimaryKey" parameterType="java.lang.String" >
    <!--
      WARNING - @mbggenerated
      This element is automatically generated by MyBatis Generator, do not modify.
      This element was generated on Thu Nov 12 06:24:28 JST 2015.
    -->
    delete from account
    where email = #{email,jdbcType=VARCHAR}
  </delete>
  <delete id="deleteByExample" parameterType="com.example.mapper.AccountExample" >
    <!--
      WARNING - @mbggenerated
      This element is automatically generated by MyBatis Generator, do not modify.
      This element was generated on Thu Nov 12 06:24:28 JST 2015.
    -->
    delete from account
    <if test="_parameter != null" >
      <include refid="Example_Where_Clause" />
    </if>
  </delete>
  <insert id="insert" parameterType="com.example.mapper.Account" >
    <!--
      WARNING - @mbggenerated
      This element is automatically generated by MyBatis Generator, do not modify.
      This element was generated on Thu Nov 12 06:24:28 JST 2015.
    -->
    insert into account (email, password, name, 
      birth_day, zip, address
      )
    values (#{email,jdbcType=VARCHAR}, #{password,jdbcType=VARCHAR}, #{name,jdbcType=VARCHAR}, 
      #{birthDay,jdbcType=DATE}, #{zip,jdbcType=VARCHAR}, #{address,jdbcType=VARCHAR}
      )
  </insert>
  <insert id="insertSelective" parameterType="com.example.mapper.Account" >
    <!--
      WARNING - @mbggenerated
      This element is automatically generated by MyBatis Generator, do not modify.
      This element was generated on Thu Nov 12 06:24:28 JST 2015.
    -->
    insert into account
    <trim prefix="(" suffix=")" suffixOverrides="," >
      <if test="email != null" >
        email,
      </if>
      <if test="password != null" >
        password,
      </if>
      <if test="name != null" >
        name,
      </if>
      <if test="birthDay != null" >
        birth_day,
      </if>
      <if test="zip != null" >
        zip,
      </if>
      <if test="address != null" >
        address,
      </if>
    </trim>
    <trim prefix="values (" suffix=")" suffixOverrides="," >
      <if test="email != null" >
        #{email,jdbcType=VARCHAR},
      </if>
      <if test="password != null" >
        #{password,jdbcType=VARCHAR},
      </if>
      <if test="name != null" >
        #{name,jdbcType=VARCHAR},
      </if>
      <if test="birthDay != null" >
        #{birthDay,jdbcType=DATE},
      </if>
      <if test="zip != null" >
        #{zip,jdbcType=VARCHAR},
      </if>
      <if test="address != null" >
        #{address,jdbcType=VARCHAR},
      </if>
    </trim>
  </insert>
  <select id="countByExample" parameterType="com.example.mapper.AccountExample" resultType="java.lang.Integer" >
    <!--
      WARNING - @mbggenerated
      This element is automatically generated by MyBatis Generator, do not modify.
      This element was generated on Thu Nov 12 06:24:28 JST 2015.
    -->
    select count(*) from account
    <if test="_parameter != null" >
      <include refid="Example_Where_Clause" />
    </if>
  </select>
  <update id="updateByExampleSelective" parameterType="map" >
    <!--
      WARNING - @mbggenerated
      This element is automatically generated by MyBatis Generator, do not modify.
      This element was generated on Thu Nov 12 06:24:28 JST 2015.
    -->
    update account
    <set >
      <if test="record.email != null" >
        email = #{record.email,jdbcType=VARCHAR},
      </if>
      <if test="record.password != null" >
        password = #{record.password,jdbcType=VARCHAR},
      </if>
      <if test="record.name != null" >
        name = #{record.name,jdbcType=VARCHAR},
      </if>
      <if test="record.birthDay != null" >
        birth_day = #{record.birthDay,jdbcType=DATE},
      </if>
      <if test="record.zip != null" >
        zip = #{record.zip,jdbcType=VARCHAR},
      </if>
      <if test="record.address != null" >
        address = #{record.address,jdbcType=VARCHAR},
      </if>
    </set>
    <if test="_parameter != null" >
      <include refid="Update_By_Example_Where_Clause" />
    </if>
  </update>
  <update id="updateByExample" parameterType="map" >
    <!--
      WARNING - @mbggenerated
      This element is automatically generated by MyBatis Generator, do not modify.
      This element was generated on Thu Nov 12 06:24:28 JST 2015.
    -->
    update account
    set email = #{record.email,jdbcType=VARCHAR},
      password = #{record.password,jdbcType=VARCHAR},
      name = #{record.name,jdbcType=VARCHAR},
      birth_day = #{record.birthDay,jdbcType=DATE},
      zip = #{record.zip,jdbcType=VARCHAR},
      address = #{record.address,jdbcType=VARCHAR}
    <if test="_parameter != null" >
      <include refid="Update_By_Example_Where_Clause" />
    </if>
  </update>
  <update id="updateByPrimaryKeySelective" parameterType="com.example.mapper.Account" >
    <!--
      WARNING - @mbggenerated
      This element is automatically generated by MyBatis Generator, do not modify.
      This element was generated on Thu Nov 12 06:24:28 JST 2015.
    -->
    update account
    <set >
      <if test="password != null" >
        password = #{password,jdbcType=VARCHAR},
      </if>
      <if test="name != null" >
        name = #{name,jdbcType=VARCHAR},
      </if>
      <if test="birthDay != null" >
        birth_day = #{birthDay,jdbcType=DATE},
      </if>
      <if test="zip != null" >
        zip = #{zip,jdbcType=VARCHAR},
      </if>
      <if test="address != null" >
        address = #{address,jdbcType=VARCHAR},
      </if>
    </set>
    where email = #{email,jdbcType=VARCHAR}
  </update>
  <update id="updateByPrimaryKey" parameterType="com.example.mapper.Account" >
    <!--
      WARNING - @mbggenerated
      This element is automatically generated by MyBatis Generator, do not modify.
      This element was generated on Thu Nov 12 06:24:28 JST 2015.
    -->
    update account
    set password = #{password,jdbcType=VARCHAR},
      name = #{name,jdbcType=VARCHAR},
      birth_day = #{birthDay,jdbcType=DATE},
      zip = #{zip,jdbcType=VARCHAR},
      address = #{address,jdbcType=VARCHAR}
    where email = #{email,jdbcType=VARCHAR}
  </update>
</mapper>