<?xml version="1.0" encoding="UTF-8" ?>
<!DOCTYPE mapper PUBLIC "-//mybatis.org//DTD Mapper 3.0//EN" "http://mybatis.org/dtd/mybatis-3-mapper.dtd" >
<mapper namespace="com.example.mapper.CustomersMapper" >
  <resultMap id="BaseResultMap" type="com.example.mapper.Customers" >
    <!--
      WARNING - @mbggenerated
      This element is automatically generated by MyBatis Generator, do not modify.
      This element was generated on Sat Nov 14 20:57:44 JST 2015.
    -->
    <id column="id" property="id" jdbcType="INTEGER" />
    <result column="first_name" property="firstName" jdbcType="VARCHAR" />
    <result column="last_name" property="lastName" jdbcType="VARCHAR" />
    <result column="version" property="version" jdbcType="INTEGER" />
    <result column="username" property="username" jdbcType="VARCHAR" />
  </resultMap>

  <sql id="Example_Where_Clause" >
    <!--
      WARNING - @mbggenerated
      This element is automatically generated by MyBatis Generator, do not modify.
      This element was generated on Sat Nov 14 20:57:44 JST 2015.
    -->
    <where >
      <foreach collection="oredCriteria" item="criteria" separator="or" >
        <if test="criteria.valid" >
          <trim prefix="(" suffix=")" prefixOverrides="and" >
            <foreach collection="criteria.criteria" item="criterion" >
              <choose >
                <when test="criterion.noValue" >
                  and ${criterion.condition}
                </when>
                <when test="criterion.singleValue" >
                  and ${criterion.condition} #{criterion.value}
                </when>
                <when test="criterion.betweenValue" >
                  and ${criterion.condition} #{criterion.value} and #{criterion.secondValue}
                </when>
                <when test="criterion.listValue" >
                  and ${criterion.condition}
                  <foreach collection="criterion.value" item="listItem" open="(" close=")" separator="," >
                    #{listItem}
                  </foreach>
                </when>
              </choose>
            </foreach>
          </trim>
        </if>
      </foreach>
    </where>
  </sql>
  <sql id="Update_By_Example_Where_Clause" >
    <!--
      WARNING - @mbggenerated
      This element is automatically generated by MyBatis Generator, do not modify.
      This element was generated on Sat Nov 14 20:57:44 JST 2015.
    -->
    <where >
      <foreach collection="example.oredCriteria" item="criteria" separator="or" >
        <if test="criteria.valid" >
          <trim prefix="(" suffix=")" prefixOverrides="and" >
            <foreach collection="criteria.criteria" item="criterion" >
              <choose >
                <when test="criterion.noValue" >
                  and ${criterion.condition}
                </when>
                <when test="criterion.singleValue" >
                  and ${criterion.condition} #{criterion.value}
                </when>
                <when test="criterion.betweenValue" >
                  and ${criterion.condition} #{criterion.value} and #{criterion.secondValue}
                </when>
                <when test="criterion.listValue" >
                  and ${criterion.condition}
                  <foreach collection="criterion.value" item="listItem" open="(" close=")" separator="," >
                    #{listItem}
                  </foreach>
                </when>
              </choose>
            </foreach>
          </trim>
        </if>
      </foreach>
    </where>
  </sql>
  <sql id="Base_Column_List" >
    <!--
      WARNING - @mbggenerated
      This element is automatically generated by MyBatis Generator, do not modify.
      This element was generated on Sat Nov 14 20:57:44 JST 2015.
    -->
    id, first_name, last_name, version, username
  </sql>
  <select id="selectByExample" resultMap="BaseResultMap" parameterType="com.example.mapper.CustomersExample" >
    <!--
      WARNING - @mbggenerated
      This element is automatically generated by MyBatis Generator, do not modify.
      This element was generated on Sat Nov 14 20:57:44 JST 2015.
    -->
    select
    <if test="distinct" >
      distinct
    </if>
    <include refid="Base_Column_List" />
    from customers
    <if test="_parameter != null" >
      <include refid="Example_Where_Clause" />
    </if>
    <if test="orderByClause != null" >
      order by ${orderByClause}
    </if>
  </select>
  <select id="selectByPrimaryKey" resultMap="BaseResultMap" parameterType="java.lang.Integer" >
    <!--
      WARNING - @mbggenerated
      This element is automatically generated by MyBatis Generator, do not modify.
      This element was generated on Sat Nov 14 20:57:44 JST 2015.
    -->
    select 
    <include refid="Base_Column_List" />
    from customers
    where id = #{id,jdbcType=INTEGER}
  </select>
  <delete id="deleteByPrimaryKey" parameterType="java.lang.Integer" >
    <!--
      WARNING - @mbggenerated
      This element is automatically generated by MyBatis Generator, do not modify.
      This element was generated on Sat Nov 14 20:57:44 JST 2015.
    -->
    delete from customers
    where id = #{id,jdbcType=INTEGER}
  </delete>
  <delete id="deleteByExample" parameterType="com.example.mapper.CustomersExample" >
    <!--
      WARNING - @mbggenerated
      This element is automatically generated by MyBatis Generator, do not modify.
      This element was generated on Sat Nov 14 20:57:44 JST 2015.
    -->
    delete from customers
    <if test="_parameter != null" >
      <include refid="Example_Where_Clause" />
    </if>
  </delete>
  <insert id="insert" parameterType="com.example.mapper.Customers" >
    <!--
      WARNING - @mbggenerated
      This element is automatically generated by MyBatis Generator, do not modify.
      This element was generated on Sat Nov 14 20:57:44 JST 2015.
    -->
    insert into customers (id, first_name, last_name, 
      version, username)
    values (#{id,jdbcType=INTEGER}, #{firstName,jdbcType=VARCHAR}, #{lastName,jdbcType=VARCHAR}, 
      #{version,jdbcType=INTEGER}, #{username,jdbcType=VARCHAR})
  </insert>
  <insert id="insertSelective" parameterType="com.example.mapper.Customers" >
    <!--
      WARNING - @mbggenerated
      This element is automatically generated by MyBatis Generator, do not modify.
      This element was generated on Sat Nov 14 20:57:44 JST 2015.
    -->
    insert into customers
    <trim prefix="(" suffix=")" suffixOverrides="," >
      <if test="id != null" >
        id,
      </if>
      <if test="firstName != null" >
        first_name,
      </if>
      <if test="lastName != null" >
        last_name,
      </if>
      <if test="version != null" >
        version,
      </if>
      <if test="username != null" >
        username,
      </if>
    </trim>
    <trim prefix="values (" suffix=")" suffixOverrides="," >
      <if test="id != null" >
        #{id,jdbcType=INTEGER},
      </if>
      <if test="firstName != null" >
        #{firstName,jdbcType=VARCHAR},
      </if>
      <if test="lastName != null" >
        #{lastName,jdbcType=VARCHAR},
      </if>
      <if test="version != null" >
        #{version,jdbcType=INTEGER},
      </if>
      <if test="username != null" >
        #{username,jdbcType=VARCHAR},
      </if>
    </trim>
  </insert>
  <select id="countByExample" parameterType="com.example.mapper.CustomersExample" resultType="java.lang.Integer" >
    <!--
      WARNING - @mbggenerated
      This element is automatically generated by MyBatis Generator, do not modify.
      This element was generated on Sat Nov 14 20:57:44 JST 2015.
    -->
    select count(*) from customers
    <if test="_parameter != null" >
      <include refid="Example_Where_Clause" />
    </if>
  </select>
  <update id="updateByExampleSelective" parameterType="map" >
    <!--
      WARNING - @mbggenerated
      This element is automatically generated by MyBatis Generator, do not modify.
      This element was generated on Sat Nov 14 20:57:44 JST 2015.
    -->
    update customers
    <set >
      <if test="record.id != null" >
        id = #{record.id,jdbcType=INTEGER},
      </if>
      <if test="record.firstName != null" >
        first_name = #{record.firstName,jdbcType=VARCHAR},
      </if>
      <if test="record.lastName != null" >
        last_name = #{record.lastName,jdbcType=VARCHAR},
      </if>
      <if test="record.version != null" >
        version = #{record.version,jdbcType=INTEGER},
      </if>
      <if test="record.username != null" >
        username = #{record.username,jdbcType=VARCHAR},
      </if>
    </set>
    <if test="_parameter != null" >
      <include refid="Update_By_Example_Where_Clause" />
    </if>
  </update>
  <update id="updateByExample" parameterType="map" >
    <!--
      WARNING - @mbggenerated
      This element is automatically generated by MyBatis Generator, do not modify.
      This element was generated on Sat Nov 14 20:57:44 JST 2015.
    -->
    update customers
    set id = #{record.id,jdbcType=INTEGER},
      first_name = #{record.firstName,jdbcType=VARCHAR},
      last_name = #{record.lastName,jdbcType=VARCHAR},
      version = #{record.version,jdbcType=INTEGER},
      username = #{record.username,jdbcType=VARCHAR}
    <if test="_parameter != null" >
      <include refid="Update_By_Example_Where_Clause" />
    </if>
  </update>
  <update id="updateByPrimaryKeySelective" parameterType="com.example.mapper.Customers" >
    <!--
      WARNING - @mbggenerated
      This element is automatically generated by MyBatis Generator, do not modify.
      This element was generated on Sat Nov 14 20:57:44 JST 2015.
    -->
    update customers
    <set >
      <if test="firstName != null" >
        first_name = #{firstName,jdbcType=VARCHAR},
      </if>
      <if test="lastName != null" >
        last_name = #{lastName,jdbcType=VARCHAR},
      </if>
      <if test="version != null" >
        version = #{version,jdbcType=INTEGER},
      </if>
      <if test="username != null" >
        username = #{username,jdbcType=VARCHAR},
      </if>
    </set>
    where id = #{id,jdbcType=INTEGER}
  </update>
  <update id="updateByPrimaryKey" parameterType="com.example.mapper.Customers" >
    <!--
      WARNING - @mbggenerated
      This element is automatically generated by MyBatis Generator, do not modify.
      This element was generated on Sat Nov 14 20:57:44 JST 2015.
    -->
    update customers
    set first_name = #{firstName,jdbcType=VARCHAR},
      last_name = #{lastName,jdbcType=VARCHAR},
      version = #{version,jdbcType=INTEGER},
      username = #{username,jdbcType=VARCHAR}
    where id = #{id,jdbcType=INTEGER}
  </update>
      <select id="selectCountryCount" parameterType="com.example.mapper.CountryListForm" resultType="long">
        select  count(*)
        from    customers co
        <include refid="selectCountryWhere"/>
    </select>
      <select id="selectCountry" parameterType="com.example.mapper.CountryListForm" resultType="map">
        select 
        *
        from    customers co
        <include refid="selectCountryWhere"/>
        order by co.id
        <if test="size != null and page != null">
            limit #{limitpage}, ${size}
        </if>
    </select>

    <sql id="selectCountryWhere">
<!--         <where>
            <if test="code != null and code != ''">
                co.last_name like '%${code}%'
            </if>
        </where> -->
    </sql>

  
</mapper>